EID	Source title	Volume	Page start	Page end	DOI	Publisher	ISSN	ISBN	Abbreviated Source Title	Access Type	subject
2-s2.0-85060148247	Documenta Praehistorica	45	14	28	10.4312/dp.45.2	Univerza v Ljubljani	1408967X	NA	Doc. Praehist.	Open Access	Charms
2-s2.0-85063149019	China International Conference on Electricity Distribution, CICED	NA	393	397	10.1109/CICED.2018.8592436	IEEE Computer Society	21617481	9781538667750	China Int. Conf. Elect. Distrib., CICED	NA	Astronomy
2-s2.0-85063149019	China International Conference on Electricity Distribution, CICED	NA	393	397	10.1109/CICED.2018.8592436	IEEE Computer Society	21617481	9781538667750	China Int. Conf. Elect. Distrib., CICED	NA	Transfiguration
2-s2.0-85058516820	Sustainability (Switzerland)	10	NA	NA	10.3390/su10124784	MDPI AG	20711050	NA	Sustainability	Open Access	Astronomy
2-s2.0-85053011321	Progress in Biophysics and Molecular Biology	140	49	73	10.1016/j.pbiomolbio.2018.04.006	Elsevier Ltd	00796107	NA	Prog. Biophys. Mol. Biol.	NA	Divination
2-s2.0-85053011321	Progress in Biophysics and Molecular Biology	140	49	73	10.1016/j.pbiomolbio.2018.04.006	Elsevier Ltd	00796107	NA	Prog. Biophys. Mol. Biol.	NA	Herbology
2-s2.0-85053011321	Progress in Biophysics and Molecular Biology	140	49	73	10.1016/j.pbiomolbio.2018.04.006	Elsevier Ltd	00796107	NA	Prog. Biophys. Mol. Biol.	NA	Transfiguration
2-s2.0-85058245352	Projections (New York)	12	1	8	10.3167/proj.2018.120202	Berghahn Journals	19349688	NA	Projections (New York)	NA	Transfiguration
2-s2.0-85058245352	Projections (New York)	12	1	8	10.3167/proj.2018.120202	Berghahn Journals	19349688	NA	Projections (New York)	NA	Arithmancy
2-s2.0-85058245352	Projections (New York)	12	1	8	10.3167/proj.2018.120202	Berghahn Journals	19349688	NA	Projections (New York)	NA	Charms
2-s2.0-85058245352	Projections (New York)	12	1	8	10.3167/proj.2018.120202	Berghahn Journals	19349688	NA	Projections (New York)	NA	Potions
2-s2.0-85056694659	NanoEthics	12	301	313	10.1007/s11569-018-0332-y	Springer Netherlands	18714757	NA	NanoEthics	NA	Defence against the dark arts
2-s2.0-85056694659	NanoEthics	12	301	313	10.1007/s11569-018-0332-y	Springer Netherlands	18714757	NA	NanoEthics	NA	Charms
2-s2.0-85058217869	Projections (New York)	12	111	136	10.3167/proj.2018.120214	Berghahn Journals	19349688	NA	Projections (New York)	NA	Transfiguration
2-s2.0-85058217869	Projections (New York)	12	111	136	10.3167/proj.2018.120214	Berghahn Journals	19349688	NA	Projections (New York)	NA	Charms
2-s2.0-85056563201	American Naturalist	192	664	686	10.1086/700094	University of Chicago Press	00030147	NA	Am. Nat.	NA	Transfiguration
2-s2.0-85056563201	American Naturalist	192	664	686	10.1086/700094	University of Chicago Press	00030147	NA	Am. Nat.	NA	Herbology
2-s2.0-85056563201	American Naturalist	192	664	686	10.1086/700094	University of Chicago Press	00030147	NA	Am. Nat.	NA	Transfiguration
2-s2.0-85056563201	American Naturalist	192	664	686	10.1086/700094	University of Chicago Press	00030147	NA	Am. Nat.	NA	Divination
2-s2.0-85045958459	Scientific Reports	8	NA	NA	10.1038/s41598-018-24641-3	Nature Publishing Group	20452322	NA	Sci. Rep.	Open Access	Transfiguration
2-s2.0-85065239533	European Journal of Ecology	4	111	123	10.2478/eje-2018-0018	Sciendo	13398474	NA	Eur. J. Ecol.	Open Access	Divination
2-s2.0-85065239533	European Journal of Ecology	4	111	123	10.2478/eje-2018-0018	Sciendo	13398474	NA	Eur. J. Ecol.	Open Access	Astronomy
2-s2.0-85065239533	European Journal of Ecology	4	111	123	10.2478/eje-2018-0018	Sciendo	13398474	NA	Eur. J. Ecol.	Open Access	Arithmancy
2-s2.0-85065239533	European Journal of Ecology	4	111	123	10.2478/eje-2018-0018	Sciendo	13398474	NA	Eur. J. Ecol.	Open Access	Transfiguration
2-s2.0-85049534807	Review of Philosophy and Psychology	9	771	797	10.1007/s13164-017-0347-2	Springer Netherlands	18785158	NA	Rev. Philos. Psychol.	NA	Charms
2-s2.0-85049534807	Review of Philosophy and Psychology	9	771	797	10.1007/s13164-017-0347-2	Springer Netherlands	18785158	NA	Rev. Philos. Psychol.	NA	Divination
2-s2.0-85049561931	Reviews in Fish Biology and Fisheries	28	693	714	10.1007/s11160-018-9526-1	Springer International Publishing	09603166	NA	Rev. Fish Biol. Fish.	NA	Divination
2-s2.0-85049561931	Reviews in Fish Biology and Fisheries	28	693	714	10.1007/s11160-018-9526-1	Springer International Publishing	09603166	NA	Rev. Fish Biol. Fish.	NA	Defence against the dark arts
2-s2.0-85078159185	Stress Physiology of Tea in the Face of Climate Change	NA	289	312	10.1007/978-981-13-2140-5_13	Springer Singapore	NA	9789811321405; 9789811321399	Stress Physiol. of Tea in the Face of Clim. Chang.	NA	Astronomy
2-s2.0-85056598590	Journal of Information Technology in Construction	23	259	284	NA	Department of Computer Science	18744753	NA	J. Inf. Technol. Constr.	NA	Arithmancy
2-s2.0-85053695725	Archive for History of Exact Sciences	72	565	590	10.1007/s00407-018-0215-1	Springer Verlag	00039519	NA	Arch. Hist. Exact Sci.	NA	Divination
2-s2.0-85053695725	Archive for History of Exact Sciences	72	565	590	10.1007/s00407-018-0215-1	Springer Verlag	00039519	NA	Arch. Hist. Exact Sci.	NA	Arithmancy
2-s2.0-85053695725	Archive for History of Exact Sciences	72	565	590	10.1007/s00407-018-0215-1	Springer Verlag	00039519	NA	Arch. Hist. Exact Sci.	NA	Transfiguration
2-s2.0-85042634729	Estuarine, Coastal and Shelf Science	211	152	165	10.1016/j.ecss.2018.02.022	Academic Press	02727714	NA	Estuar. Coast. Shelf Sci.	NA	Defence against the dark arts
2-s2.0-85042634729	Estuarine, Coastal and Shelf Science	211	152	165	10.1016/j.ecss.2018.02.022	Academic Press	02727714	NA	Estuar. Coast. Shelf Sci.	NA	Transfiguration
2-s2.0-85042634729	Estuarine, Coastal and Shelf Science	211	152	165	10.1016/j.ecss.2018.02.022	Academic Press	02727714	NA	Estuar. Coast. Shelf Sci.	NA	Potions
2-s2.0-85059340753	Acta Prataculturae Sinica	27	125	135	10.11686/cyxb2018052	Editorial Office of Acta Prataculturae Sinica	10045759	NA	Acta Prataculturae Sin.	NA	Herbology
2-s2.0-85059340753	Acta Prataculturae Sinica	27	125	135	10.11686/cyxb2018052	Editorial Office of Acta Prataculturae Sinica	10045759	NA	Acta Prataculturae Sin.	NA	Transfiguration
2-s2.0-85059340753	Acta Prataculturae Sinica	27	125	135	10.11686/cyxb2018052	Editorial Office of Acta Prataculturae Sinica	10045759	NA	Acta Prataculturae Sin.	NA	Arithmancy
2-s2.0-85059340753	Acta Prataculturae Sinica	27	125	135	10.11686/cyxb2018052	Editorial Office of Acta Prataculturae Sinica	10045759	NA	Acta Prataculturae Sin.	NA	Transfiguration
2-s2.0-85055009392	Proceedings of the National Academy of Sciences of the United States of America	115	10696	10701	10.1073/pnas.1809606115	National Academy of Sciences	00278424	NA	Proc. Natl. Acad. Sci. U. S. A.	Open Access	Transfiguration
2-s2.0-85055009392	Proceedings of the National Academy of Sciences of the United States of America	115	10696	10701	10.1073/pnas.1809606115	National Academy of Sciences	00278424	NA	Proc. Natl. Acad. Sci. U. S. A.	Open Access	Divination
2-s2.0-85055009392	Proceedings of the National Academy of Sciences of the United States of America	115	10696	10701	10.1073/pnas.1809606115	National Academy of Sciences	00278424	NA	Proc. Natl. Acad. Sci. U. S. A.	Open Access	Astronomy
2-s2.0-85050505357	Journal of Theoretical Biology	455	161	178	10.1016/j.jtbi.2018.07.002	Academic Press	00225193	NA	J. Theor. Biol.	Open Access	Charms
2-s2.0-85050505357	Journal of Theoretical Biology	455	161	178	10.1016/j.jtbi.2018.07.002	Academic Press	00225193	NA	J. Theor. Biol.	Open Access	Astronomy
2-s2.0-85050505357	Journal of Theoretical Biology	455	161	178	10.1016/j.jtbi.2018.07.002	Academic Press	00225193	NA	J. Theor. Biol.	Open Access	Divination
2-s2.0-85045239715	International Journal of Primatology	39	797	816	10.1007/s10764-018-0033-y	Springer New York LLC	01640291	NA	Int. J. Primatol.	NA	Divination
2-s2.0-85045239715	International Journal of Primatology	39	797	816	10.1007/s10764-018-0033-y	Springer New York LLC	01640291	NA	Int. J. Primatol.	NA	Potions
2-s2.0-85050933207	Ethology	124	706	718	10.1111/eth.12799	Blackwell Publishing Ltd	01791613	NA	Ethology	NA	Arithmancy
2-s2.0-85050933207	Ethology	124	706	718	10.1111/eth.12799	Blackwell Publishing Ltd	01791613	NA	Ethology	NA	Charms
2-s2.0-85050933207	Ethology	124	706	718	10.1111/eth.12799	Blackwell Publishing Ltd	01791613	NA	Ethology	NA	Transfiguration
2-s2.0-85050933207	Ethology	124	706	718	10.1111/eth.12799	Blackwell Publishing Ltd	01791613	NA	Ethology	NA	Herbology
2-s2.0-85053548584	Human Ecology	46	665	684	10.1007/s10745-018-0020-0	Springer New York LLC	03007839	NA	Hum. Ecol.	Open Access	Defence against the dark arts
2-s2.0-85053548584	Human Ecology	46	665	684	10.1007/s10745-018-0020-0	Springer New York LLC	03007839	NA	Hum. Ecol.	Open Access	Charms
2-s2.0-85053548584	Human Ecology	46	665	684	10.1007/s10745-018-0020-0	Springer New York LLC	03007839	NA	Hum. Ecol.	Open Access	Divination
2-s2.0-85056900962	Altre Modernita	2018	107	123	NA	Universita degli Studi di Milano	20357680	NA	Altre Modernita	NA	Charms
2-s2.0-85056900962	Altre Modernita	2018	107	123	NA	Universita degli Studi di Milano	20357680	NA	Altre Modernita	NA	Arithmancy
2-s2.0-85056900962	Altre Modernita	2018	107	123	NA	Universita degli Studi di Milano	20357680	NA	Altre Modernita	NA	Divination
2-s2.0-85056900962	Altre Modernita	2018	107	123	NA	Universita degli Studi di Milano	20357680	NA	Altre Modernita	NA	Transfiguration
2-s2.0-85052097574	Journal of Archaeological Science: Reports	21	575	583	10.1016/j.jasrep.2018.08.036	Elsevier Ltd	2352409X	NA	J.Archaeol. Sci. Rep.	NA	Herbology
2-s2.0-85052097574	Journal of Archaeological Science: Reports	21	575	583	10.1016/j.jasrep.2018.08.036	Elsevier Ltd	2352409X	NA	J.Archaeol. Sci. Rep.	NA	Defence against the dark arts
2-s2.0-85052097574	Journal of Archaeological Science: Reports	21	575	583	10.1016/j.jasrep.2018.08.036	Elsevier Ltd	2352409X	NA	J.Archaeol. Sci. Rep.	NA	Arithmancy
2-s2.0-85046542860	Journal of Soils and Sediments	18	3044	3054	10.1007/s11368-018-2005-4	Springer Verlag	14390108	NA	J. Soils Sed.	Open Access	Transfiguration
2-s2.0-85054768978	Sociologia Ruralis	58	886	908	10.1111/soru.12215	Blackwell Publishing Ltd	00380199	NA	Sociol. Ruralis	NA	Transfiguration
2-s2.0-85054768978	Sociologia Ruralis	58	886	908	10.1111/soru.12215	Blackwell Publishing Ltd	00380199	NA	Sociol. Ruralis	NA	Charms
2-s2.0-85054768978	Sociologia Ruralis	58	886	908	10.1111/soru.12215	Blackwell Publishing Ltd	00380199	NA	Sociol. Ruralis	NA	Astronomy
2-s2.0-85053477060	Cellular and Molecular Bioengineering	11	367	382	10.1007/s12195-018-0552-9	Springer New York LLC	18655025	NA	Cell. Mol. Bioeng.	NA	Transfiguration
2-s2.0-85014127857	Quaternary International	489	46	62	10.1016/j.quaint.2016.12.033	Elsevier Ltd	10406182	NA	Quat. Int.	NA	Divination
2-s2.0-85014127857	Quaternary International	489	46	62	10.1016/j.quaint.2016.12.033	Elsevier Ltd	10406182	NA	Quat. Int.	NA	Transfiguration
2-s2.0-85014127857	Quaternary International	489	46	62	10.1016/j.quaint.2016.12.033	Elsevier Ltd	10406182	NA	Quat. Int.	NA	Arithmancy
2-s2.0-85054052426	Stem cell research & therapy	9	252	NA	10.1186/s13287-018-0971-5	NLM (Medline)	17576512	NA	Stem Cell Res Ther	Open Access	Defence against the dark arts
2-s2.0-85054052426	Stem cell research & therapy	9	252	NA	10.1186/s13287-018-0971-5	NLM (Medline)	17576512	NA	Stem Cell Res Ther	Open Access	Transfiguration
2-s2.0-85054052426	Stem cell research & therapy	9	252	NA	10.1186/s13287-018-0971-5	NLM (Medline)	17576512	NA	Stem Cell Res Ther	Open Access	Transfiguration
2-s2.0-85063279289	Journal of Natural History	52	2331	2338	10.1080/00222933.2018.1537408	Taylor and Francis Ltd.	00222933	NA	J. Nat. Hist.	NA	Transfiguration
2-s2.0-85063279289	Journal of Natural History	52	2331	2338	10.1080/00222933.2018.1537408	Taylor and Francis Ltd.	00222933	NA	J. Nat. Hist.	NA	Potions
2-s2.0-85054466618	Toxins	10	NA	NA	10.3390/toxins10090378	MDPI AG	20726651	NA	Toxins	Open Access	Charms
2-s2.0-85054466618	Toxins	10	NA	NA	10.3390/toxins10090378	MDPI AG	20726651	NA	Toxins	Open Access	Potions
2-s2.0-85046688129	Forest Ecology and Management	424	164	176	10.1016/j.foreco.2018.04.051	Elsevier B.V.	03781127	NA	For. Ecol. Manage.	NA	Charms
2-s2.0-85050482507	Journal of Anthropological Archaeology	51	173	186	10.1016/j.jaa.2018.06.007	Academic Press Inc.	02784165	NA	J. Anthropol. Archaeol.	NA	Herbology
2-s2.0-85050482507	Journal of Anthropological Archaeology	51	173	186	10.1016/j.jaa.2018.06.007	Academic Press Inc.	02784165	NA	J. Anthropol. Archaeol.	NA	Arithmancy
2-s2.0-85050482507	Journal of Anthropological Archaeology	51	173	186	10.1016/j.jaa.2018.06.007	Academic Press Inc.	02784165	NA	J. Anthropol. Archaeol.	NA	Divination
2-s2.0-85050482507	Journal of Anthropological Archaeology	51	173	186	10.1016/j.jaa.2018.06.007	Academic Press Inc.	02784165	NA	J. Anthropol. Archaeol.	NA	Defence against the dark arts
2-s2.0-85055251763	Mentalhigiene es Pszichoszomatika	19	243	267	10.1556/0406.19.2018.010	Akademiai Kiado Rt.	14198126	NA	Mentalhig. Pszichoszomatika	NA	Transfiguration
2-s2.0-85046362844	Ecological Complexity	35	51	75	10.1016/j.ecocom.2018.04.004	Elsevier B.V.	1476945X	NA	Ecol. Complex.	NA	Astronomy
2-s2.0-85049654471	Primates	59	451	467	10.1007/s10329-018-0673-8	Springer Tokyo	00328332	NA	Primates	NA	Transfiguration
2-s2.0-85049654471	Primates	59	451	467	10.1007/s10329-018-0673-8	Springer Tokyo	00328332	NA	Primates	NA	Arithmancy
2-s2.0-85053356040	PLoS ONE	13	NA	NA	10.1371/journal.pone.0203744	Public Library of Science	19326203	NA	PLoS ONE	Open Access	Divination
2-s2.0-85053356040	PLoS ONE	13	NA	NA	10.1371/journal.pone.0203744	Public Library of Science	19326203	NA	PLoS ONE	Open Access	Herbology
2-s2.0-85058128697	International Journal of Speleology	47	407	415	10.5038/1827-806X.47.3.2208	Societa Speleologica Italiana	03926672	NA	Int. J. Speleol.	Open Access	Defence against the dark arts
2-s2.0-85052754042	Functional Ecology	32	2253	2263	10.1111/1365-2435.13139	Blackwell Publishing Ltd	02698463	NA	Funct. Ecol.	NA	Potions
2-s2.0-85052754042	Functional Ecology	32	2253	2263	10.1111/1365-2435.13139	Blackwell Publishing Ltd	02698463	NA	Funct. Ecol.	NA	Astronomy
2-s2.0-85052754042	Functional Ecology	32	2253	2263	10.1111/1365-2435.13139	Blackwell Publishing Ltd	02698463	NA	Funct. Ecol.	NA	Charms
2-s2.0-85052535490	Oikos	127	1319	1329	10.1111/oik.05215	Blackwell Publishing Ltd	00301299	NA	Oikos	Open Access	Potions
2-s2.0-85052535490	Oikos	127	1319	1329	10.1111/oik.05215	Blackwell Publishing Ltd	00301299	NA	Oikos	Open Access	Transfiguration
2-s2.0-85052535490	Oikos	127	1319	1329	10.1111/oik.05215	Blackwell Publishing Ltd	00301299	NA	Oikos	Open Access	Transfiguration
2-s2.0-85051421544	Modern Language Journal	102	471	493	10.1111/modl.12496	Blackwell Publishing Inc.	00267902	NA	Mod. Lang. J.	NA	Charms
2-s2.0-85047466145	Oikos	127	1390	1397	10.1111/oik.05199	Blackwell Publishing Ltd	00301299	NA	Oikos	NA	Astronomy
2-s2.0-85047466145	Oikos	127	1390	1397	10.1111/oik.05199	Blackwell Publishing Ltd	00301299	NA	Oikos	NA	Transfiguration
2-s2.0-85047466145	Oikos	127	1390	1397	10.1111/oik.05199	Blackwell Publishing Ltd	00301299	NA	Oikos	NA	Arithmancy
2-s2.0-85047466145	Oikos	127	1390	1397	10.1111/oik.05199	Blackwell Publishing Ltd	00301299	NA	Oikos	NA	Charms
2-s2.0-85045270586	Indian Journal of Microbiology	58	278	286	10.1007/s12088-018-0726-0	Springer	00468991	NA	Indian J. Microbiol.	NA	Potions
2-s2.0-85045270586	Indian Journal of Microbiology	58	278	286	10.1007/s12088-018-0726-0	Springer	00468991	NA	Indian J. Microbiol.	NA	Arithmancy
2-s2.0-85045270586	Indian Journal of Microbiology	58	278	286	10.1007/s12088-018-0726-0	Springer	00468991	NA	Indian J. Microbiol.	NA	Defence against the dark arts
2-s2.0-85053938225	Aquatic Invasions	13	365	378	10.3391/ai.2018.13.3.05	Regional Euro-Asian Biological Invasions Centre	17986540	NA	Aquatic Invasions	Open Access	Potions
2-s2.0-85053938225	Aquatic Invasions	13	365	378	10.3391/ai.2018.13.3.05	Regional Euro-Asian Biological Invasions Centre	17986540	NA	Aquatic Invasions	Open Access	Transfiguration
2-s2.0-85049368926	Philosophical Transactions of the Royal Society B: Biological Sciences	373	NA	NA	10.1098/rstb.2018.0253	Royal Society Publishing	09628436	NA	Philos. Trans. R. Soc. B Biol. Sci.	Open Access	Potions
2-s2.0-85049368926	Philosophical Transactions of the Royal Society B: Biological Sciences	373	NA	NA	10.1098/rstb.2018.0253	Royal Society Publishing	09628436	NA	Philos. Trans. R. Soc. B Biol. Sci.	Open Access	Transfiguration
2-s2.0-85049368926	Philosophical Transactions of the Royal Society B: Biological Sciences	373	NA	NA	10.1098/rstb.2018.0253	Royal Society Publishing	09628436	NA	Philos. Trans. R. Soc. B Biol. Sci.	Open Access	Defence against the dark arts
2-s2.0-85049368926	Philosophical Transactions of the Royal Society B: Biological Sciences	373	NA	NA	10.1098/rstb.2018.0253	Royal Society Publishing	09628436	NA	Philos. Trans. R. Soc. B Biol. Sci.	Open Access	Arithmancy
2-s2.0-85051459921	Frontiers in Zoology	15	NA	NA	10.1186/s12983-018-0277-6	BioMed Central Ltd.	17429994	NA	Front. Zool.	Open Access	Defence against the dark arts
2-s2.0-85051459921	Frontiers in Zoology	15	NA	NA	10.1186/s12983-018-0277-6	BioMed Central Ltd.	17429994	NA	Front. Zool.	Open Access	Transfiguration
2-s2.0-85051459921	Frontiers in Zoology	15	NA	NA	10.1186/s12983-018-0277-6	BioMed Central Ltd.	17429994	NA	Front. Zool.	Open Access	Arithmancy
2-s2.0-85054930555	Sustainability (Switzerland)	10	NA	NA	10.3390/su10082824	MDPI AG	20711050	NA	Sustainability	Open Access	Arithmancy
2-s2.0-85054930555	Sustainability (Switzerland)	10	NA	NA	10.3390/su10082824	MDPI AG	20711050	NA	Sustainability	Open Access	Astronomy
2-s2.0-85055121585	World Archaeology	50	554	569	10.1080/00438243.2018.1527246	Routledge	00438243	NA	World Archaeol.	NA	Divination
2-s2.0-85055121585	World Archaeology	50	554	569	10.1080/00438243.2018.1527246	Routledge	00438243	NA	World Archaeol.	NA	Arithmancy
2-s2.0-85047257600	Biosemiotics	11	181	198	10.1007/s12304-018-9323-1	Springer Netherlands	18751342	NA	Biosemiotics	NA	Transfiguration
2-s2.0-85047257600	Biosemiotics	11	181	198	10.1007/s12304-018-9323-1	Springer Netherlands	18751342	NA	Biosemiotics	NA	Arithmancy
2-s2.0-85039155811	Ecography	41	1380	1392	10.1111/ecog.03457	Blackwell Publishing Ltd	09067590	NA	Ecography	NA	Herbology
2-s2.0-85039155811	Ecography	41	1380	1392	10.1111/ecog.03457	Blackwell Publishing Ltd	09067590	NA	Ecography	NA	Arithmancy
2-s2.0-85039155811	Ecography	41	1380	1392	10.1111/ecog.03457	Blackwell Publishing Ltd	09067590	NA	Ecography	NA	Charms
2-s2.0-85047272742	Biosemiotics	11	245	262	10.1007/s12304-018-9322-2	Springer Netherlands	18751342	NA	Biosemiotics	NA	Transfiguration
2-s2.0-85047272742	Biosemiotics	11	245	262	10.1007/s12304-018-9322-2	Springer Netherlands	18751342	NA	Biosemiotics	NA	Herbology
2-s2.0-85047272742	Biosemiotics	11	245	262	10.1007/s12304-018-9322-2	Springer Netherlands	18751342	NA	Biosemiotics	NA	Divination
2-s2.0-85047374880	Biosemiotics	11	231	244	10.1007/s12304-018-9328-9	Springer Netherlands	18751342	NA	Biosemiotics	NA	Divination
2-s2.0-85047374880	Biosemiotics	11	231	244	10.1007/s12304-018-9328-9	Springer Netherlands	18751342	NA	Biosemiotics	NA	Astronomy
2-s2.0-85047374880	Biosemiotics	11	231	244	10.1007/s12304-018-9328-9	Springer Netherlands	18751342	NA	Biosemiotics	NA	Transfiguration
2-s2.0-85042939158	Geoderma	323	65	73	10.1016/j.geoderma.2018.02.040	Elsevier B.V.	00167061	NA	Geoderma	NA	Charms
2-s2.0-85042939158	Geoderma	323	65	73	10.1016/j.geoderma.2018.02.040	Elsevier B.V.	00167061	NA	Geoderma	NA	Astronomy
2-s2.0-85042939158	Geoderma	323	65	73	10.1016/j.geoderma.2018.02.040	Elsevier B.V.	00167061	NA	Geoderma	NA	Transfiguration
2-s2.0-85042939158	Geoderma	323	65	73	10.1016/j.geoderma.2018.02.040	Elsevier B.V.	00167061	NA	Geoderma	NA	Herbology
2-s2.0-85041656276	Microbial Ecology	76	555	564	10.1007/s00248-017-1140-6	Springer New York LLC	00953628	NA	Microb. Ecol.	NA	Transfiguration
2-s2.0-85041656276	Microbial Ecology	76	555	564	10.1007/s00248-017-1140-6	Springer New York LLC	00953628	NA	Microb. Ecol.	NA	Arithmancy
2-s2.0-85041656276	Microbial Ecology	76	555	564	10.1007/s00248-017-1140-6	Springer New York LLC	00953628	NA	Microb. Ecol.	NA	Transfiguration
2-s2.0-85041656276	Microbial Ecology	76	555	564	10.1007/s00248-017-1140-6	Springer New York LLC	00953628	NA	Microb. Ecol.	NA	Potions
2-s2.0-85054870443	Journal of the Southern African Institute of Mining and Metallurgy	118	891	897	10.17159/2411-9717/2018/v118n8a13	South African Institute of Mining and Metallurgy	22256253	NA	J. S. Afr. Inst. Min. Metall.	Open Access	Herbology
2-s2.0-85054870443	Journal of the Southern African Institute of Mining and Metallurgy	118	891	897	10.17159/2411-9717/2018/v118n8a13	South African Institute of Mining and Metallurgy	22256253	NA	J. S. Afr. Inst. Min. Metall.	Open Access	Divination
2-s2.0-85054870443	Journal of the Southern African Institute of Mining and Metallurgy	118	891	897	10.17159/2411-9717/2018/v118n8a13	South African Institute of Mining and Metallurgy	22256253	NA	J. S. Afr. Inst. Min. Metall.	Open Access	Arithmancy
2-s2.0-85054829010	Plant Physiology	177	1650	1665	10.1104/pp.18.00401	American Society of Plant Biologists	00320889	NA	Plant Physiol.	Open Access	Astronomy
2-s2.0-85054829010	Plant Physiology	177	1650	1665	10.1104/pp.18.00401	American Society of Plant Biologists	00320889	NA	Plant Physiol.	Open Access	Defence against the dark arts
2-s2.0-85054829010	Plant Physiology	177	1650	1665	10.1104/pp.18.00401	American Society of Plant Biologists	00320889	NA	Plant Physiol.	Open Access	Potions
2-s2.0-85054829010	Plant Physiology	177	1650	1665	10.1104/pp.18.00401	American Society of Plant Biologists	00320889	NA	Plant Physiol.	Open Access	Herbology
2-s2.0-85055994034	Nongye Jixie Xuebao/Transactions of the Chinese Society for Agricultural Machinery	49	119	126	10.6041/j.issn.1000-1298.2018.07.015	Chinese Society of Agricultural Machinery	10001298	NA	Nongye Jixie Xuebao	NA	Astronomy
2-s2.0-85050470202	Frontiers in Psychology	9	NA	NA	10.3389/fpsyg.2018.01307	Frontiers Media S.A.	16641078	NA	Front. Psychol.	Open Access	Divination
2-s2.0-85050470202	Frontiers in Psychology	9	NA	NA	10.3389/fpsyg.2018.01307	Frontiers Media S.A.	16641078	NA	Front. Psychol.	Open Access	Defence against the dark arts
2-s2.0-85050470202	Frontiers in Psychology	9	NA	NA	10.3389/fpsyg.2018.01307	Frontiers Media S.A.	16641078	NA	Front. Psychol.	Open Access	Potions
2-s2.0-85050470202	Frontiers in Psychology	9	NA	NA	10.3389/fpsyg.2018.01307	Frontiers Media S.A.	16641078	NA	Front. Psychol.	Open Access	Charms
2-s2.0-85054079724	Nature Conservation	28	1	32	10.3897/natureconservation.28.25067	Pensoft Publishers	13146947	NA	Nat. Conserv.	Open Access	Arithmancy
2-s2.0-85054079724	Nature Conservation	28	1	32	10.3897/natureconservation.28.25067	Pensoft Publishers	13146947	NA	Nat. Conserv.	Open Access	Divination
2-s2.0-85013419022	Journal of Positive Psychology	13	336	345	10.1080/17439760.2017.1291855	Routledge	17439760	NA	J. Posit. Psychol.	NA	Divination
2-s2.0-85013419022	Journal of Positive Psychology	13	336	345	10.1080/17439760.2017.1291855	Routledge	17439760	NA	J. Posit. Psychol.	NA	Potions
2-s2.0-85013419022	Journal of Positive Psychology	13	336	345	10.1080/17439760.2017.1291855	Routledge	17439760	NA	J. Posit. Psychol.	NA	Defence against the dark arts
2-s2.0-85046030545	American Naturalist	192	35	48	10.1086/697471	University of Chicago Press	00030147	NA	Am. Nat.	NA	Arithmancy
2-s2.0-85046030545	American Naturalist	192	35	48	10.1086/697471	University of Chicago Press	00030147	NA	Am. Nat.	NA	Transfiguration
2-s2.0-85050989208	PLoS Computational Biology	14	NA	NA	10.1371/journal.pcbi.1006340	Public Library of Science	1553734X	NA	PLoS Comput. Biol.	Open Access	Divination
2-s2.0-85050989208	PLoS Computational Biology	14	NA	NA	10.1371/journal.pcbi.1006340	Public Library of Science	1553734X	NA	PLoS Comput. Biol.	Open Access	Potions
2-s2.0-85050989208	PLoS Computational Biology	14	NA	NA	10.1371/journal.pcbi.1006340	Public Library of Science	1553734X	NA	PLoS Comput. Biol.	Open Access	Defence against the dark arts
2-s2.0-85047796962	New Phytologist	219	350	362	10.1111/nph.15164	Blackwell Publishing Ltd	0028646X	NA	New Phytol.	NA	Divination
2-s2.0-85047796962	New Phytologist	219	350	362	10.1111/nph.15164	Blackwell Publishing Ltd	0028646X	NA	New Phytol.	NA	Arithmancy
2-s2.0-85043310520	Progress in Biophysics and Molecular Biology	135	1	10	10.1016/j.pbiomolbio.2017.12.003	Elsevier Ltd	00796107	NA	Prog. Biophys. Mol. Biol.	NA	Potions
2-s2.0-85043310520	Progress in Biophysics and Molecular Biology	135	1	10	10.1016/j.pbiomolbio.2017.12.003	Elsevier Ltd	00796107	NA	Prog. Biophys. Mol. Biol.	NA	Divination
2-s2.0-85046338001	Acta Biomaterialia	74	247	259	10.1016/j.actbio.2018.04.047	Acta Materialia Inc	17427061	NA	Acta Biomater.	NA	Defence against the dark arts
2-s2.0-85046338001	Acta Biomaterialia	74	247	259	10.1016/j.actbio.2018.04.047	Acta Materialia Inc	17427061	NA	Acta Biomater.	NA	Divination
2-s2.0-85064382160	Investigaciones Turisticas	NA	46	67	10.14198/INTURI2018.16.03	Instituto Universitario de Investigaciones Turisticas	21745609	NA	Investig. Tur.	Open Access	Charms
2-s2.0-85049248666	Marine Ecology Progress Series	598	113	129	10.3354/meps12596	Inter-Research	01718630	NA	Mar. Ecol. Prog. Ser.	NA	Divination
2-s2.0-85049248666	Marine Ecology Progress Series	598	113	129	10.3354/meps12596	Inter-Research	01718630	NA	Mar. Ecol. Prog. Ser.	NA	Astronomy
2-s2.0-85049845501	Journal of Visualized Experiments	2018	NA	NA	10.3791/57235	Journal of Visualized Experiments	1940087X	NA	J. Visualized Exp.	NA	Arithmancy
2-s2.0-85049845501	Journal of Visualized Experiments	2018	NA	NA	10.3791/57235	Journal of Visualized Experiments	1940087X	NA	J. Visualized Exp.	NA	Defence against the dark arts
2-s2.0-85056660756	Humanities and Social Sciences Reviews	6	52	63	10.18510/hssr.2018.627	Gyandhara International Academic Publications	23956518	NA	Humanit. Soc. Sci. Rev.	Open Access	Charms
2-s2.0-85056660756	Humanities and Social Sciences Reviews	6	52	63	10.18510/hssr.2018.627	Gyandhara International Academic Publications	23956518	NA	Humanit. Soc. Sci. Rev.	Open Access	Astronomy
2-s2.0-85056660756	Humanities and Social Sciences Reviews	6	52	63	10.18510/hssr.2018.627	Gyandhara International Academic Publications	23956518	NA	Humanit. Soc. Sci. Rev.	Open Access	Transfiguration
2-s2.0-85056660756	Humanities and Social Sciences Reviews	6	52	63	10.18510/hssr.2018.627	Gyandhara International Academic Publications	23956518	NA	Humanit. Soc. Sci. Rev.	Open Access	Divination
2-s2.0-85048305541	Frontiers in Psychology	9	NA	NA	10.3389/fpsyg.2018.00931	Frontiers Media S.A.	16641078	NA	Front. Psychol.	Open Access	Potions
2-s2.0-85048305541	Frontiers in Psychology	9	NA	NA	10.3389/fpsyg.2018.00931	Frontiers Media S.A.	16641078	NA	Front. Psychol.	Open Access	Herbology
2-s2.0-85048886257	AIP Conference Proceedings	1971	NA	NA	10.1063/1.5041129	American Institute of Physics Inc.	0094243X	9780735416789	AIP Conf. Proc.	Open Access	Herbology
2-s2.0-85048886257	AIP Conference Proceedings	1971	NA	NA	10.1063/1.5041129	American Institute of Physics Inc.	0094243X	9780735416789	AIP Conf. Proc.	Open Access	Potions
2-s2.0-85046646558	Journal of Anthropological Archaeology	50	128	139	10.1016/j.jaa.2018.05.001	Academic Press Inc.	02784165	NA	J. Anthropol. Archaeol.	NA	Arithmancy
2-s2.0-85046646558	Journal of Anthropological Archaeology	50	128	139	10.1016/j.jaa.2018.05.001	Academic Press Inc.	02784165	NA	J. Anthropol. Archaeol.	NA	Transfiguration
2-s2.0-85046646558	Journal of Anthropological Archaeology	50	128	139	10.1016/j.jaa.2018.05.001	Academic Press Inc.	02784165	NA	J. Anthropol. Archaeol.	NA	Defence against the dark arts
2-s2.0-85026789482	Journal of Archaeological Method and Theory	25	559	586	10.1007/s10816-017-9346-y	Springer New York LLC	10725369	NA	J. Archaeol. Method and Theory	NA	Astronomy
2-s2.0-85026789482	Journal of Archaeological Method and Theory	25	559	586	10.1007/s10816-017-9346-y	Springer New York LLC	10725369	NA	J. Archaeol. Method and Theory	NA	Divination
2-s2.0-85044584128	Journal of Anthropological Archaeology	50	69	84	10.1016/j.jaa.2018.03.002	Academic Press Inc.	02784165	NA	J. Anthropol. Archaeol.	NA	Transfiguration
2-s2.0-85044584128	Journal of Anthropological Archaeology	50	69	84	10.1016/j.jaa.2018.03.002	Academic Press Inc.	02784165	NA	J. Anthropol. Archaeol.	NA	Charms
2-s2.0-85044584128	Journal of Anthropological Archaeology	50	69	84	10.1016/j.jaa.2018.03.002	Academic Press Inc.	02784165	NA	J. Anthropol. Archaeol.	NA	Divination
2-s2.0-84979976464	Topoi	37	255	263	10.1007/s11245-016-9419-7	Springer Netherlands	01677411	NA	Topoi	NA	Potions
2-s2.0-84979976464	Topoi	37	255	263	10.1007/s11245-016-9419-7	Springer Netherlands	01677411	NA	Topoi	NA	Defence against the dark arts
2-s2.0-85032823126	Evolutionary Biology	45	127	139	10.1007/s11692-017-9438-3	Springer Verlag	00713260	NA	Evol. Biol.	NA	Transfiguration
2-s2.0-85032823126	Evolutionary Biology	45	127	139	10.1007/s11692-017-9438-3	Springer Verlag	00713260	NA	Evol. Biol.	NA	Potions
2-s2.0-85046541010	Ecology and Evolution	8	5495	5507	10.1002/ece3.4070	John Wiley and Sons Ltd	20457758	NA	Ecology and Evolution	Open Access	Divination
2-s2.0-85046541010	Ecology and Evolution	8	5495	5507	10.1002/ece3.4070	John Wiley and Sons Ltd	20457758	NA	Ecology and Evolution	Open Access	Astronomy
2-s2.0-85046541010	Ecology and Evolution	8	5495	5507	10.1002/ece3.4070	John Wiley and Sons Ltd	20457758	NA	Ecology and Evolution	Open Access	Arithmancy
2-s2.0-85046541010	Ecology and Evolution	8	5495	5507	10.1002/ece3.4070	John Wiley and Sons Ltd	20457758	NA	Ecology and Evolution	Open Access	Herbology
2-s2.0-85045465147	TrAC - Trends in Analytical Chemistry	103	110	118	10.1016/j.trac.2018.03.016	Elsevier B.V.	01659936	NA	TrAC Trends Anal. Chem.	NA	Arithmancy
2-s2.0-85045933216	Cognitive Linguistics	29	197	234	10.1515/cog-2016-0025	Walter de Gruyter GmbH	09365907	NA	Cogn. Linguist.	NA	Divination
2-s2.0-85045933216	Cognitive Linguistics	29	197	234	10.1515/cog-2016-0025	Walter de Gruyter GmbH	09365907	NA	Cogn. Linguist.	NA	Defence against the dark arts
2-s2.0-85045933216	Cognitive Linguistics	29	197	234	10.1515/cog-2016-0025	Walter de Gruyter GmbH	09365907	NA	Cogn. Linguist.	NA	Transfiguration
2-s2.0-85045933216	Cognitive Linguistics	29	197	234	10.1515/cog-2016-0025	Walter de Gruyter GmbH	09365907	NA	Cogn. Linguist.	NA	Transfiguration
2-s2.0-85042513844	Fluid Phase Equilibria	464	22	31	10.1016/j.fluid.2018.02.013	Elsevier B.V.	03783812	NA	Fluid Phase Equilib.	NA	Arithmancy
2-s2.0-85047301024	Frontiers in Microbiology	9	NA	NA	10.3389/fmicb.2018.01025	Frontiers Media S.A.	1664302X	NA	Front. Microbiol.	Open Access	Potions
2-s2.0-85047301024	Frontiers in Microbiology	9	NA	NA	10.3389/fmicb.2018.01025	Frontiers Media S.A.	1664302X	NA	Front. Microbiol.	Open Access	Transfiguration
2-s2.0-85047301024	Frontiers in Microbiology	9	NA	NA	10.3389/fmicb.2018.01025	Frontiers Media S.A.	1664302X	NA	Front. Microbiol.	Open Access	Herbology
2-s2.0-85047301024	Frontiers in Microbiology	9	NA	NA	10.3389/fmicb.2018.01025	Frontiers Media S.A.	1664302X	NA	Front. Microbiol.	Open Access	Arithmancy
2-s2.0-85046623970	Forests	9	NA	NA	10.3390/f9050255	MDPI AG	19994907	NA	Forests	Open Access	Transfiguration
2-s2.0-85046623970	Forests	9	NA	NA	10.3390/f9050255	MDPI AG	19994907	NA	Forests	Open Access	Potions
2-s2.0-85047797524	PLoS ONE	13	NA	NA	10.1371/journal.pone.0198163	Public Library of Science	19326203	NA	PLoS ONE	Open Access	Astronomy
2-s2.0-85047797524	PLoS ONE	13	NA	NA	10.1371/journal.pone.0198163	Public Library of Science	19326203	NA	PLoS ONE	Open Access	Charms
2-s2.0-85054961784	Chinese Journal of Applied Ecology	29	1489	1493	10.13287/j.1001-9332.201805.019	Editorial Board of Chinese Journal of Applied Ecology	10019332	NA	Chin. J. Appl. Ecol.	NA	Astronomy
2-s2.0-85036510908	Progress in Biophysics and Molecular Biology	134	1	26	10.1016/j.pbiomolbio.2017.11.005	Elsevier Ltd	00796107	NA	Prog. Biophys. Mol. Biol.	NA	Divination
2-s2.0-85036510908	Progress in Biophysics and Molecular Biology	134	1	26	10.1016/j.pbiomolbio.2017.11.005	Elsevier Ltd	00796107	NA	Prog. Biophys. Mol. Biol.	NA	Potions
2-s2.0-85047948339	Minerals	8	NA	NA	10.3390/min8050199	MDPI AG	2075163X	NA	Minerals	Open Access	Herbology
2-s2.0-85047948339	Minerals	8	NA	NA	10.3390/min8050199	MDPI AG	2075163X	NA	Minerals	Open Access	Potions
2-s2.0-85047948339	Minerals	8	NA	NA	10.3390/min8050199	MDPI AG	2075163X	NA	Minerals	Open Access	Transfiguration
2-s2.0-85042192810	Environmental Science and Policy	83	11	21	10.1016/j.envsci.2018.02.004	Elsevier Ltd	14629011	NA	Environ. Sci. Policy	NA	Herbology
2-s2.0-85042192810	Environmental Science and Policy	83	11	21	10.1016/j.envsci.2018.02.004	Elsevier Ltd	14629011	NA	Environ. Sci. Policy	NA	Astronomy
2-s2.0-85042192810	Environmental Science and Policy	83	11	21	10.1016/j.envsci.2018.02.004	Elsevier Ltd	14629011	NA	Environ. Sci. Policy	NA	Potions
2-s2.0-85042192810	Environmental Science and Policy	83	11	21	10.1016/j.envsci.2018.02.004	Elsevier Ltd	14629011	NA	Environ. Sci. Policy	NA	Transfiguration
2-s2.0-85044650829	Geomorphology	308	190	203	10.1016/j.geomorph.2018.02.005	Elsevier B.V.	0169555X	NA	Geomorphology	NA	Potions
2-s2.0-85044650829	Geomorphology	308	190	203	10.1016/j.geomorph.2018.02.005	Elsevier B.V.	0169555X	NA	Geomorphology	NA	Divination
2-s2.0-85044650829	Geomorphology	308	190	203	10.1016/j.geomorph.2018.02.005	Elsevier B.V.	0169555X	NA	Geomorphology	NA	Charms
2-s2.0-85044650829	Geomorphology	308	190	203	10.1016/j.geomorph.2018.02.005	Elsevier B.V.	0169555X	NA	Geomorphology	NA	Transfiguration
2-s2.0-85053877237	Xitong Gongcheng Lilun yu Shijian/System Engineering Theory and Practice	38	1024	1035	10.12011/1000-6788(2018)04-1024-11	Systems Engineering Society of China	10006788	NA	Xitong Gongcheng Lilum yu Shijian	NA	Divination
2-s2.0-85053877237	Xitong Gongcheng Lilun yu Shijian/System Engineering Theory and Practice	38	1024	1035	10.12011/1000-6788(2018)04-1024-11	Systems Engineering Society of China	10006788	NA	Xitong Gongcheng Lilum yu Shijian	NA	Defence against the dark arts
2-s2.0-85029475359	Desalination	431	151	156	10.1016/j.desal.2017.09.003	Elsevier B.V.	00119164	NA	Desalination	NA	Transfiguration
2-s2.0-85049356082	Rhodora	120	117	142	10.3119/17-11	The New England Botanical Club,Inc	00354902	NA	Rhodora	NA	Potions
2-s2.0-85049356082	Rhodora	120	117	142	10.3119/17-11	The New England Botanical Club,Inc	00354902	NA	Rhodora	NA	Herbology
2-s2.0-85049356082	Rhodora	120	117	142	10.3119/17-11	The New England Botanical Club,Inc	00354902	NA	Rhodora	NA	Transfiguration
2-s2.0-85044054642	Synthese	NA	1	29	10.1007/s11229-018-1756-1	Springer Netherlands	00397857	NA	Synthese	Open Access	Divination
2-s2.0-85044054642	Synthese	NA	1	29	10.1007/s11229-018-1756-1	Springer Netherlands	00397857	NA	Synthese	Open Access	Charms
2-s2.0-85030461321	Geomorphology	305	112	122	10.1016/j.geomorph.2017.09.016	Elsevier B.V.	0169555X	NA	Geomorphology	NA	Transfiguration
2-s2.0-85030461321	Geomorphology	305	112	122	10.1016/j.geomorph.2017.09.016	Elsevier B.V.	0169555X	NA	Geomorphology	NA	Herbology
2-s2.0-85030461321	Geomorphology	305	112	122	10.1016/j.geomorph.2017.09.016	Elsevier B.V.	0169555X	NA	Geomorphology	NA	Astronomy
2-s2.0-85030461321	Geomorphology	305	112	122	10.1016/j.geomorph.2017.09.016	Elsevier B.V.	0169555X	NA	Geomorphology	NA	Defence against the dark arts
2-s2.0-85029219905	Geomorphology	305	94	111	10.1016/j.geomorph.2017.08.048	Elsevier B.V.	0169555X	NA	Geomorphology	NA	Astronomy
2-s2.0-85029219905	Geomorphology	305	94	111	10.1016/j.geomorph.2017.08.048	Elsevier B.V.	0169555X	NA	Geomorphology	NA	Divination
2-s2.0-85029219905	Geomorphology	305	94	111	10.1016/j.geomorph.2017.08.048	Elsevier B.V.	0169555X	NA	Geomorphology	NA	Charms
2-s2.0-85044228104	Behavioral Ecology	29	289	300	10.1093/beheco/arx180	Oxford University Press	10452249	NA	Behav. Ecol.	Open Access	Transfiguration
2-s2.0-85043385236	Topoi	NA	1	12	10.1007/s11245-018-9546-4	Springer Netherlands	01677411	NA	Topoi	NA	Herbology
2-s2.0-85043385236	Topoi	NA	1	12	10.1007/s11245-018-9546-4	Springer Netherlands	01677411	NA	Topoi	NA	Arithmancy
2-s2.0-85043385236	Topoi	NA	1	12	10.1007/s11245-018-9546-4	Springer Netherlands	01677411	NA	Topoi	NA	Transfiguration
2-s2.0-85043385236	Topoi	NA	1	12	10.1007/s11245-018-9546-4	Springer Netherlands	01677411	NA	Topoi	NA	Divination
2-s2.0-85043710421	E3S Web of Conferences	33	NA	NA	10.1051/e3sconf/20183302048	EDP Sciences	22671242	NA	E3S Web Conf.	Open Access	Potions
2-s2.0-85044780165	Environmental Research Letters	13	NA	NA	10.1088/1748-9326/aa9ead	Institute of Physics Publishing	17489318	NA	Environ.Res.Lett.	Open Access	Transfiguration
2-s2.0-85044780165	Environmental Research Letters	13	NA	NA	10.1088/1748-9326/aa9ead	Institute of Physics Publishing	17489318	NA	Environ.Res.Lett.	Open Access	Transfiguration
2-s2.0-85044780165	Environmental Research Letters	13	NA	NA	10.1088/1748-9326/aa9ead	Institute of Physics Publishing	17489318	NA	Environ.Res.Lett.	Open Access	Potions
2-s2.0-85040012450	Journal for the Theory of Social Behaviour	48	117	133	10.1111/jtsb.12157	Blackwell Publishing Ltd	00218308	NA	J. Theory Soc. Behav.	NA	Defence against the dark arts
2-s2.0-85040012450	Journal for the Theory of Social Behaviour	48	117	133	10.1111/jtsb.12157	Blackwell Publishing Ltd	00218308	NA	J. Theory Soc. Behav.	NA	Divination
2-s2.0-85040012450	Journal for the Theory of Social Behaviour	48	117	133	10.1111/jtsb.12157	Blackwell Publishing Ltd	00218308	NA	J. Theory Soc. Behav.	NA	Potions
2-s2.0-85040012450	Journal for the Theory of Social Behaviour	48	117	133	10.1111/jtsb.12157	Blackwell Publishing Ltd	00218308	NA	J. Theory Soc. Behav.	NA	Transfiguration
2-s2.0-85046397574	mBio	9	NA	NA	10.1128/mBio.00319-18	American Society for Microbiology	21612129	NA	mBio	Open Access	Transfiguration
2-s2.0-85046397574	mBio	9	NA	NA	10.1128/mBio.00319-18	American Society for Microbiology	21612129	NA	mBio	Open Access	Transfiguration
2-s2.0-85040087727	ISME Journal	12	791	801	10.1038/s41396-017-0006-8	Nature Publishing Group	17517362	NA	ISME J.	Open Access	Transfiguration
2-s2.0-85040087727	ISME Journal	12	791	801	10.1038/s41396-017-0006-8	Nature Publishing Group	17517362	NA	ISME J.	Open Access	Herbology
2-s2.0-85040087727	ISME Journal	12	791	801	10.1038/s41396-017-0006-8	Nature Publishing Group	17517362	NA	ISME J.	Open Access	Charms
2-s2.0-85029578170	Evolutionary Biology	45	NA	NA	10.1007/s11692-017-9431-x	Springer Verlag	00713260	NA	Evol. Biol.	Open Access	Transfiguration
2-s2.0-85021811588	Perspectives in Plant Ecology, Evolution and Systematics	30	71	81	10.1016/j.ppees.2017.06.005	Elsevier GmbH	14338319	NA	Perspect. Plant Ecol. Evol. Syst.	NA	Charms
2-s2.0-85021811588	Perspectives in Plant Ecology, Evolution and Systematics	30	71	81	10.1016/j.ppees.2017.06.005	Elsevier GmbH	14338319	NA	Perspect. Plant Ecol. Evol. Syst.	NA	Potions
2-s2.0-85021811588	Perspectives in Plant Ecology, Evolution and Systematics	30	71	81	10.1016/j.ppees.2017.06.005	Elsevier GmbH	14338319	NA	Perspect. Plant Ecol. Evol. Syst.	NA	Defence against the dark arts
2-s2.0-85042656709	Journal of Geographical Sciences	28	131	151	10.1007/s11442-018-1464-2	Science in China Press	1009637X	NA	J. Geogr. Sci.	NA	Arithmancy
2-s2.0-85042656709	Journal of Geographical Sciences	28	131	151	10.1007/s11442-018-1464-2	Science in China Press	1009637X	NA	J. Geogr. Sci.	NA	Astronomy
2-s2.0-85033451985	Insectes Sociaux	65	77	84	10.1007/s00040-017-0589-0	Birkhauser Verlag AG	00201812	NA	Insectes Sociaux	NA	Defence against the dark arts
2-s2.0-85033451985	Insectes Sociaux	65	77	84	10.1007/s00040-017-0589-0	Birkhauser Verlag AG	00201812	NA	Insectes Sociaux	NA	Potions
2-s2.0-85047744704	Nongye Jixie Xuebao/Transactions of the Chinese Society for Agricultural Machinery	49	194	202	10.6041/j.issn.1000-1298.2018.01.024	Chinese Society of Agricultural Machinery	10001298	NA	Nongye Jixie Xuebao	NA	Potions
2-s2.0-85038818980	Journal of Cleaner Production	172	3535	3545	10.1016/j.jclepro.2017.05.111	Elsevier Ltd	09596526	NA	J. Clean. Prod.	NA	Potions
2-s2.0-85038818980	Journal of Cleaner Production	172	3535	3545	10.1016/j.jclepro.2017.05.111	Elsevier Ltd	09596526	NA	J. Clean. Prod.	NA	Divination
2-s2.0-85040794271	Sustainability (Switzerland)	10	NA	NA	10.3390/su10010229	MDPI AG	20711050	NA	Sustainability	Open Access	Herbology
2-s2.0-85040794271	Sustainability (Switzerland)	10	NA	NA	10.3390/su10010229	MDPI AG	20711050	NA	Sustainability	Open Access	Transfiguration
2-s2.0-85040794271	Sustainability (Switzerland)	10	NA	NA	10.3390/su10010229	MDPI AG	20711050	NA	Sustainability	Open Access	Charms
2-s2.0-85040794271	Sustainability (Switzerland)	10	NA	NA	10.3390/su10010229	MDPI AG	20711050	NA	Sustainability	Open Access	Potions
2-s2.0-85040362074	Frontiers in Psychology	8	NA	NA	10.3389/fpsyg.2017.02294	Frontiers Media S.A.	16641078	NA	Front. Psychol.	Open Access	Potions
2-s2.0-85040362074	Frontiers in Psychology	8	NA	NA	10.3389/fpsyg.2017.02294	Frontiers Media S.A.	16641078	NA	Front. Psychol.	Open Access	Divination
2-s2.0-85040362074	Frontiers in Psychology	8	NA	NA	10.3389/fpsyg.2017.02294	Frontiers Media S.A.	16641078	NA	Front. Psychol.	Open Access	Herbology
2-s2.0-85040231413	Annual Review of Marine Science	10	149	168	10.1146/annurev-marine-121916-063249	Annual Reviews Inc.	19411405	NA	Annu. Rev. Mar. Sci.	NA	Charms
2-s2.0-84962345193	Critical Studies in Education	59	74	92	10.1080/17508487.2016.1167756	Routledge	17508487	NA	Crit. Stud. Educ.	NA	Arithmancy
2-s2.0-84962345193	Critical Studies in Education	59	74	92	10.1080/17508487.2016.1167756	Routledge	17508487	NA	Crit. Stud. Educ.	NA	Transfiguration
2-s2.0-85045637273	Journal of the Royal Society Interface	15	NA	NA	10.1098/rsif.2017.0685	Royal Society Publishing	17425689	NA	J. R. Soc. Interface	Open Access	Arithmancy
2-s2.0-85045637273	Journal of the Royal Society Interface	15	NA	NA	10.1098/rsif.2017.0685	Royal Society Publishing	17425689	NA	J. R. Soc. Interface	Open Access	Transfiguration
2-s2.0-85045637273	Journal of the Royal Society Interface	15	NA	NA	10.1098/rsif.2017.0685	Royal Society Publishing	17425689	NA	J. R. Soc. Interface	Open Access	Charms
2-s2.0-85057540753	Current Topics in Microbiology and Immunology	418	55	86	10.1007/82_2018_83	Springer Verlag	0070217X	NA	Curr. Top. Microbiol. Immunol.	NA	Transfiguration
2-s2.0-85057540753	Current Topics in Microbiology and Immunology	418	55	86	10.1007/82_2018_83	Springer Verlag	0070217X	NA	Curr. Top. Microbiol. Immunol.	NA	Herbology
2-s2.0-85057540753	Current Topics in Microbiology and Immunology	418	55	86	10.1007/82_2018_83	Springer Verlag	0070217X	NA	Curr. Top. Microbiol. Immunol.	NA	Potions
2-s2.0-85046085974	Ethnobiology and Conservation	7	NA	NA	10.15451/ec2018-04-7.7-1-6	Universidade Federal Rural de Pernambuco	22384782	NA	Ethnobiol. Conserv.	Open Access	Transfiguration
2-s2.0-85046085974	Ethnobiology and Conservation	7	NA	NA	10.15451/ec2018-04-7.7-1-6	Universidade Federal Rural de Pernambuco	22384782	NA	Ethnobiol. Conserv.	Open Access	Herbology
2-s2.0-85042093646	Evolutionary Anthropology	27	46	59	10.1002/evan.21555	Wiley-Liss Inc.	10601538	NA	Evol. Anthropol.	Open Access	Astronomy
2-s2.0-85066250066	Taida Journal of Art History	2018	49	108, 278	10.6541/TJAH.201809_(45).0002	National Taiwan University	10232095	NA	Taida J. Art Hist.	NA	Divination
2-s2.0-85034216771	Advances in Intelligent Systems and Computing	623	379	389	10.1007/978-3-319-70063-2_40	Springer Verlag	21945357	9783319700625	Adv. Intell. Sys. Comput.	NA	Transfiguration
2-s2.0-85034216771	Advances in Intelligent Systems and Computing	623	379	389	10.1007/978-3-319-70063-2_40	Springer Verlag	21945357	9783319700625	Adv. Intell. Sys. Comput.	NA	Astronomy
2-s2.0-85034216771	Advances in Intelligent Systems and Computing	623	379	389	10.1007/978-3-319-70063-2_40	Springer Verlag	21945357	9783319700625	Adv. Intell. Sys. Comput.	NA	Charms
2-s2.0-85034216771	Advances in Intelligent Systems and Computing	623	379	389	10.1007/978-3-319-70063-2_40	Springer Verlag	21945357	9783319700625	Adv. Intell. Sys. Comput.	NA	Arithmancy
2-s2.0-85045480315	Nongye Gongcheng Xuebao/Transactions of the Chinese Society of Agricultural Engineering	34	258	264	10.11975/j.issn.1002-6819.2018.03.034	Chinese Society of Agricultural Engineering	10026819	NA	Nongye Gongcheng Xuebao	NA	Transfiguration
2-s2.0-85045480315	Nongye Gongcheng Xuebao/Transactions of the Chinese Society of Agricultural Engineering	34	258	264	10.11975/j.issn.1002-6819.2018.03.034	Chinese Society of Agricultural Engineering	10026819	NA	Nongye Gongcheng Xuebao	NA	Transfiguration
2-s2.0-85045480315	Nongye Gongcheng Xuebao/Transactions of the Chinese Society of Agricultural Engineering	34	258	264	10.11975/j.issn.1002-6819.2018.03.034	Chinese Society of Agricultural Engineering	10026819	NA	Nongye Gongcheng Xuebao	NA	Defence against the dark arts
2-s2.0-85035349511	New Phytologist	217	16	25	10.1111/nph.14860	Blackwell Publishing Ltd	0028646X	NA	New Phytol.	NA	Charms
2-s2.0-85035349511	New Phytologist	217	16	25	10.1111/nph.14860	Blackwell Publishing Ltd	0028646X	NA	New Phytol.	NA	Transfiguration
2-s2.0-85035349511	New Phytologist	217	16	25	10.1111/nph.14860	Blackwell Publishing Ltd	0028646X	NA	New Phytol.	NA	Astronomy
2-s2.0-85043995758	Mankind Quarterly	58	384	418	NA	Ulster Institute for Social Research	00252344	NA	Mank. Q.	NA	Defence against the dark arts
2-s2.0-85043995758	Mankind Quarterly	58	384	418	NA	Ulster Institute for Social Research	00252344	NA	Mank. Q.	NA	Herbology
2-s2.0-85043995758	Mankind Quarterly	58	384	418	NA	Ulster Institute for Social Research	00252344	NA	Mank. Q.	NA	Divination
2-s2.0-85043995758	Mankind Quarterly	58	384	418	NA	Ulster Institute for Social Research	00252344	NA	Mank. Q.	NA	Charms
2-s2.0-85049209350	Journal of Information and Organizational Sciences	42	87	109	10.31341/jios.42.1.5	University of Zagreb, Faculty of Organization and Informatics	18463312	NA	J. Inf. Organ. Sci.	Open Access	Transfiguration
2-s2.0-85049209350	Journal of Information and Organizational Sciences	42	87	109	10.31341/jios.42.1.5	University of Zagreb, Faculty of Organization and Informatics	18463312	NA	J. Inf. Organ. Sci.	Open Access	Astronomy
2-s2.0-85031687997	Perspectives in Ecology and Conservation	16	1	11	10.1016/j.pecon.2017.08.006	Associacao Brasileira de Ciencia Ecologica e Conservacao	25300644	NA	Perspect. Ecol. Conserv.	Open Access	Defence against the dark arts
2-s2.0-85031687997	Perspectives in Ecology and Conservation	16	1	11	10.1016/j.pecon.2017.08.006	Associacao Brasileira de Ciencia Ecologica e Conservacao	25300644	NA	Perspect. Ecol. Conserv.	Open Access	Transfiguration
2-s2.0-85031687997	Perspectives in Ecology and Conservation	16	1	11	10.1016/j.pecon.2017.08.006	Associacao Brasileira de Ciencia Ecologica e Conservacao	25300644	NA	Perspect. Ecol. Conserv.	Open Access	Astronomy
2-s2.0-85031687997	Perspectives in Ecology and Conservation	16	1	11	10.1016/j.pecon.2017.08.006	Associacao Brasileira de Ciencia Ecologica e Conservacao	25300644	NA	Perspect. Ecol. Conserv.	Open Access	Transfiguration
2-s2.0-85065776189	Journal of Futures Studies	23	67	84	10.6531/JFS.201812_23(2).0005	Tamkang University	10276084	NA	J. Futures Stud.	NA	Transfiguration
2-s2.0-85065776189	Journal of Futures Studies	23	67	84	10.6531/JFS.201812_23(2).0005	Tamkang University	10276084	NA	J. Futures Stud.	NA	Charms
2-s2.0-85056139117	Functions of Language	25	363	391	10.1075/fol.15046.pol	John Benjamins Publishing Company	0929998X	NA	Funct. Lang.	NA	Charms
2-s2.0-85056139117	Functions of Language	25	363	391	10.1075/fol.15046.pol	John Benjamins Publishing Company	0929998X	NA	Funct. Lang.	NA	Transfiguration
2-s2.0-85056139117	Functions of Language	25	363	391	10.1075/fol.15046.pol	John Benjamins Publishing Company	0929998X	NA	Funct. Lang.	NA	Divination
2-s2.0-85040236441	Balkanistic Forum	1	75	83	NA	International University Seminar for Balkan Studies and Specialization	13103970	NA	Balk. Forum	NA	Arithmancy
2-s2.0-85040236441	Balkanistic Forum	1	75	83	NA	International University Seminar for Balkan Studies and Specialization	13103970	NA	Balk. Forum	NA	Transfiguration
2-s2.0-85053694981	Interaction Studies	19	239	255	10.1075/is.17025.sin	John Benjamins Publishing Company	15720373	NA	Interact. Stud.	NA	Potions
2-s2.0-85060603265	Conference Proceedings of the 6th International Symposium on Project Management, ISPM 2018	NA	862	867	NA	Aussino Academic Publishing House	NA	9781921712661	Conf. Proc. Int. Symp. Proj. Manag., ISPM	NA	Transfiguration
2-s2.0-85060603265	Conference Proceedings of the 6th International Symposium on Project Management, ISPM 2018	NA	862	867	NA	Aussino Academic Publishing House	NA	9781921712661	Conf. Proc. Int. Symp. Proj. Manag., ISPM	NA	Potions
2-s2.0-85060603265	Conference Proceedings of the 6th International Symposium on Project Management, ISPM 2018	NA	862	867	NA	Aussino Academic Publishing House	NA	9781921712661	Conf. Proc. Int. Symp. Proj. Manag., ISPM	NA	Transfiguration
2-s2.0-85060603265	Conference Proceedings of the 6th International Symposium on Project Management, ISPM 2018	NA	862	867	NA	Aussino Academic Publishing House	NA	9781921712661	Conf. Proc. Int. Symp. Proj. Manag., ISPM	NA	Arithmancy
2-s2.0-85042117759	International Journal of Technoethics	9	37	50	10.4018/IJT.2018010104	IGI Global	19473451	NA	Int. J. Technoethics	NA	Transfiguration
2-s2.0-85042117759	International Journal of Technoethics	9	37	50	10.4018/IJT.2018010104	IGI Global	19473451	NA	Int. J. Technoethics	NA	Astronomy
2-s2.0-85055672115	Proceeding of the 34th Annual ARCOM Conference, ARCOM 2018	NA	179	188	NA	Association of Researchers in Construction Management	NA	NA	Proc. Annu. ARCOM Conf., ARCOM	NA	Potions
2-s2.0-85055672115	Proceeding of the 34th Annual ARCOM Conference, ARCOM 2018	NA	179	188	NA	Association of Researchers in Construction Management	NA	NA	Proc. Annu. ARCOM Conf., ARCOM	NA	Herbology
2-s2.0-85055672115	Proceeding of the 34th Annual ARCOM Conference, ARCOM 2018	NA	179	188	NA	Association of Researchers in Construction Management	NA	NA	Proc. Annu. ARCOM Conf., ARCOM	NA	Transfiguration
2-s2.0-85055672115	Proceeding of the 34th Annual ARCOM Conference, ARCOM 2018	NA	179	188	NA	Association of Researchers in Construction Management	NA	NA	Proc. Annu. ARCOM Conf., ARCOM	NA	Defence against the dark arts
2-s2.0-85043586484	Journal of Intelligent and Fuzzy Systems	34	761	770	10.3233/JIFS-169370	IOS Press	10641246	NA	J. Intelligent Fuzzy Syst.	NA	Divination
2-s2.0-85057330489	Turkish Journal of Zoology	42	NA	NA	10.3906/zoo-1803-26	Turkiye Klinikleri Journal of Medical Sciences	13000179	NA	Turk. J. Zool.	Open Access	Herbology
2-s2.0-85050023469	IABSE Conference, Kuala Lumpur 2018: Engineering the Developing World - Report	NA	356	357	NA	International Association for Bridge and Structural Engineering (IABSE)	NA	9783857481598	IABSE Conf., Kuala Lumpur: Eng. Dev. World - Rep.	NA	Charms
2-s2.0-85066401384	Boletin Americanista	NA	43	60	10.1344/BA2018.77.1003	Universitat de Barcelona	05204100	NA	Bol. Am.	NA	Transfiguration
2-s2.0-85066401384	Boletin Americanista	NA	43	60	10.1344/BA2018.77.1003	Universitat de Barcelona	05204100	NA	Bol. Am.	NA	Astronomy
2-s2.0-85066401384	Boletin Americanista	NA	43	60	10.1344/BA2018.77.1003	Universitat de Barcelona	05204100	NA	Bol. Am.	NA	Transfiguration
2-s2.0-85066401384	Boletin Americanista	NA	43	60	10.1344/BA2018.77.1003	Universitat de Barcelona	05204100	NA	Bol. Am.	NA	Arithmancy
2-s2.0-85048418344	Language, Cognition, and Computational Models	NA	256	288	10.1017/9781316676974.010	Cambridge University Press	NA	9781316676974; 9781107162228	Language, Cognition, and Computational Models	NA	Potions
2-s2.0-85048418344	Language, Cognition, and Computational Models	NA	256	288	10.1017/9781316676974.010	Cambridge University Press	NA	9781316676974; 9781107162228	Language, Cognition, and Computational Models	NA	Defence against the dark arts
2-s2.0-85035150409	BioEssays	40	NA	NA	10.1002/bies.201600265	John Wiley and Sons Inc.	02659247	NA	BioEssays	NA	Astronomy
2-s2.0-85035150409	BioEssays	40	NA	NA	10.1002/bies.201600265	John Wiley and Sons Inc.	02659247	NA	BioEssays	NA	Arithmancy
2-s2.0-85035150409	BioEssays	40	NA	NA	10.1002/bies.201600265	John Wiley and Sons Inc.	02659247	NA	BioEssays	NA	Potions
2-s2.0-85049260929	Australian Mammalogy	40	131	135	10.1071/AM17022	CSIRO	03100049	NA	Aust. Mammal.	NA	Herbology
2-s2.0-85049260929	Australian Mammalogy	40	131	135	10.1071/AM17022	CSIRO	03100049	NA	Aust. Mammal.	NA	Potions
2-s2.0-85055562854	American Naturalist	NA	NA	NA	10.5061/dryad.kk1qj10	University of Chicago Press	00030147	NA	Am. Nat.	NA	Defence against the dark arts
2-s2.0-85051741354	Springer Proceedings in Complexity	NA	108	119	10.1007/978-3-319-96661-8_11	Springer	22138684	NA	Springer Proc. Complex.	NA	Defence against the dark arts
2-s2.0-85051741354	Springer Proceedings in Complexity	NA	108	119	10.1007/978-3-319-96661-8_11	Springer	22138684	NA	Springer Proc. Complex.	NA	Arithmancy
2-s2.0-85051741354	Springer Proceedings in Complexity	NA	108	119	10.1007/978-3-319-96661-8_11	Springer	22138684	NA	Springer Proc. Complex.	NA	Divination
2-s2.0-85034762883	Sustainability Science	13	119	128	10.1007/s11625-017-0513-6	Springer Tokyo	18624065	NA	Sustainability Sci.	Open Access	Divination
2-s2.0-85034762883	Sustainability Science	13	119	128	10.1007/s11625-017-0513-6	Springer Tokyo	18624065	NA	Sustainability Sci.	Open Access	Charms
2-s2.0-85034762883	Sustainability Science	13	119	128	10.1007/s11625-017-0513-6	Springer Tokyo	18624065	NA	Sustainability Sci.	Open Access	Transfiguration
2-s2.0-85034762883	Sustainability Science	13	119	128	10.1007/s11625-017-0513-6	Springer Tokyo	18624065	NA	Sustainability Sci.	Open Access	Potions
2-s2.0-85025605909	Energy Efficiency	11	31	51	10.1007/s12053-017-9547-y	Springer Netherlands	1570646X	NA	Energy Effic.	Open Access	Divination
2-s2.0-85045568719	Quaternary International	NA	NA	NA	10.1016/j.quaint.2018.04.016	Elsevier Ltd	10406182	NA	Quat. Int.	NA	Transfiguration
2-s2.0-85045568719	Quaternary International	NA	NA	NA	10.1016/j.quaint.2018.04.016	Elsevier Ltd	10406182	NA	Quat. Int.	NA	Defence against the dark arts
2-s2.0-85045568719	Quaternary International	NA	NA	NA	10.1016/j.quaint.2018.04.016	Elsevier Ltd	10406182	NA	Quat. Int.	NA	Arithmancy
2-s2.0-85045568719	Quaternary International	NA	NA	NA	10.1016/j.quaint.2018.04.016	Elsevier Ltd	10406182	NA	Quat. Int.	NA	Potions
2-s2.0-85058903684	International Multidisciplinary Scientific GeoConference Surveying Geology and Mining Ecology Management, SGEM	18	203	210	10.5593/sgem2018/3.1/S12.027	International Multidisciplinary Scientific Geoconference	13142704	9786197408355; 9786197408362; 9786197408379; 9786197408386; 9786197408393; 9786197408409; 9786197408416; 9786197408423; 9786197408430; 9786197408447; 9786197408454; 9786197408461; 9786197408478; 9786197408485; 9786197408492; 9786197408508; 9786197408515; 9786197408522; 9786197408355	Int. Multidisciplinary Sci. Geoconf. Surveying Geology Mining Ecology Manage., SGEM	NA	Charms
2-s2.0-85064279172	ACUUS 2018 - 16th World Conference of the Associated Research Centers for the Urban Underground Space: Integrated Underground Solutions for Compact Metropolitan Cities, Conference Proceedings	NA	112	122	NA	The Associated Research Centers for the Urban Underground Space (ACUUS)	NA	NA	ACUUS - World Conf. Assoc. Res. Centers Urban Undergr. Space: Integr. Undergr. Solutions Compact Metrop. Cities, Conf. Proc.	NA	Arithmancy
2-s2.0-85064279172	ACUUS 2018 - 16th World Conference of the Associated Research Centers for the Urban Underground Space: Integrated Underground Solutions for Compact Metropolitan Cities, Conference Proceedings	NA	112	122	NA	The Associated Research Centers for the Urban Underground Space (ACUUS)	NA	NA	ACUUS - World Conf. Assoc. Res. Centers Urban Undergr. Space: Integr. Undergr. Solutions Compact Metrop. Cities, Conf. Proc.	NA	Charms
2-s2.0-85064279172	ACUUS 2018 - 16th World Conference of the Associated Research Centers for the Urban Underground Space: Integrated Underground Solutions for Compact Metropolitan Cities, Conference Proceedings	NA	112	122	NA	The Associated Research Centers for the Urban Underground Space (ACUUS)	NA	NA	ACUUS - World Conf. Assoc. Res. Centers Urban Undergr. Space: Integr. Undergr. Solutions Compact Metrop. Cities, Conf. Proc.	NA	Transfiguration
2-s2.0-85064279172	ACUUS 2018 - 16th World Conference of the Associated Research Centers for the Urban Underground Space: Integrated Underground Solutions for Compact Metropolitan Cities, Conference Proceedings	NA	112	122	NA	The Associated Research Centers for the Urban Underground Space (ACUUS)	NA	NA	ACUUS - World Conf. Assoc. Res. Centers Urban Undergr. Space: Integr. Undergr. Solutions Compact Metrop. Cities, Conf. Proc.	NA	Transfiguration
2-s2.0-85053085882	Methods in Molecular Biology	1842	139	166	10.1007/978-1-4939-8697-2_10	Humana Press Inc.	10643745	NA	Methods Mol. Biol.	NA	Transfiguration
2-s2.0-85053085882	Methods in Molecular Biology	1842	139	166	10.1007/978-1-4939-8697-2_10	Humana Press Inc.	10643745	NA	Methods Mol. Biol.	NA	Divination
2-s2.0-85053085882	Methods in Molecular Biology	1842	139	166	10.1007/978-1-4939-8697-2_10	Humana Press Inc.	10643745	NA	Methods Mol. Biol.	NA	Potions
2-s2.0-85063898026	Fronteiras	7	214	230	10.21664/2238-8869.2018v7i3	Centro Universitario de Anapolis	22388869	NA	Front.	Open Access	Divination
2-s2.0-85063898026	Fronteiras	7	214	230	10.21664/2238-8869.2018v7i3	Centro Universitario de Anapolis	22388869	NA	Front.	Open Access	Astronomy
2-s2.0-85054211698	Animal Models in Medical Mycology	NA	79	99	10.1201/9781351069694	CRC Press	NA	9781351078146; 9781315890593	Animal Models in Med. Mycology	NA	Herbology
2-s2.0-85054211698	Animal Models in Medical Mycology	NA	79	99	10.1201/9781351069694	CRC Press	NA	9781351078146; 9781315890593	Animal Models in Med. Mycology	NA	Potions
2-s2.0-85054211698	Animal Models in Medical Mycology	NA	79	99	10.1201/9781351069694	CRC Press	NA	9781351078146; 9781315890593	Animal Models in Med. Mycology	NA	Astronomy
2-s2.0-85051495290	Dialogo Andino	NA	87	100	10.4067/S0719-26812018000200087	Universidad de Tarapaca	07162278	NA	Dialogo Andino	Open Access	Transfiguration
2-s2.0-85051495290	Dialogo Andino	NA	87	100	10.4067/S0719-26812018000200087	Universidad de Tarapaca	07162278	NA	Dialogo Andino	Open Access	Potions
2-s2.0-85056598144	Chinese Journal of Ecology	37	103	110	10.13292/j.1000-4890.201801.023	editorial Board of Chinese Journal of Ecology	10004890	NA	Chinese J. Ecol.	NA	Arithmancy
2-s2.0-85063035811	Procedia Environmental Science, Engineering and Management	5	167	174	NA	National Society of Environmental Science and Engineering (SNSIM)	23929537	NA	Procedia Environ. Sci. Eng. Manag.	NA	Divination
2-s2.0-85041591208	Ekonomicheskaya Sotsiologiya	19	143	167	NA	National Research University Higher School of Economics	17263247	NA	Ekon. Sociol.	NA	Potions
2-s2.0-85041591208	Ekonomicheskaya Sotsiologiya	19	143	167	NA	National Research University Higher School of Economics	17263247	NA	Ekon. Sociol.	NA	Transfiguration
2-s2.0-85041591208	Ekonomicheskaya Sotsiologiya	19	143	167	NA	National Research University Higher School of Economics	17263247	NA	Ekon. Sociol.	NA	Divination
2-s2.0-85041591208	Ekonomicheskaya Sotsiologiya	19	143	167	NA	National Research University Higher School of Economics	17263247	NA	Ekon. Sociol.	NA	Arithmancy
2-s2.0-85056130064	Chinese Journal of Applied and Environmental Biology	24	941	951	10.19675/j.cnki.1006-687x.2017.12018	Science Press	1006687X	NA	Chin. J. App. Eviron. Biol.	NA	Charms
2-s2.0-85056130064	Chinese Journal of Applied and Environmental Biology	24	941	951	10.19675/j.cnki.1006-687x.2017.12018	Science Press	1006687X	NA	Chin. J. App. Eviron. Biol.	NA	Herbology
2-s2.0-85056130064	Chinese Journal of Applied and Environmental Biology	24	941	951	10.19675/j.cnki.1006-687x.2017.12018	Science Press	1006687X	NA	Chin. J. App. Eviron. Biol.	NA	Transfiguration
2-s2.0-85056130064	Chinese Journal of Applied and Environmental Biology	24	941	951	10.19675/j.cnki.1006-687x.2017.12018	Science Press	1006687X	NA	Chin. J. App. Eviron. Biol.	NA	Divination
2-s2.0-85053478088	Cellular and Molecular Bioengineering	NA	NA	NA	10.1007/s12195-018-0552-9	Springer New York LLC	18655025	NA	Cell. Mol. Bioeng.	NA	Herbology
2-s2.0-85039168033	Journal of Invertebrate Pathology	151	169	181	10.1016/j.jip.2017.12.002	Academic Press Inc.	00222011	NA	J. Invertebr. Pathol.	NA	Astronomy
2-s2.0-85039168033	Journal of Invertebrate Pathology	151	169	181	10.1016/j.jip.2017.12.002	Academic Press Inc.	00222011	NA	J. Invertebr. Pathol.	NA	Divination
2-s2.0-85039168033	Journal of Invertebrate Pathology	151	169	181	10.1016/j.jip.2017.12.002	Academic Press Inc.	00222011	NA	J. Invertebr. Pathol.	NA	Charms
2-s2.0-85049856567	Povolzhskaya Arkheologiya	2	150	167	10.24852/pa2018.2.24.150.167	Academy of Sciences of Tatarstan, A.Kh. Khalikov Archaeology Institute	23064099	NA	Povolzhskaya Arkheologiya	Open Access	Potions
2-s2.0-85049856567	Povolzhskaya Arkheologiya	2	150	167	10.24852/pa2018.2.24.150.167	Academy of Sciences of Tatarstan, A.Kh. Khalikov Archaeology Institute	23064099	NA	Povolzhskaya Arkheologiya	Open Access	Herbology
2-s2.0-85049856567	Povolzhskaya Arkheologiya	2	150	167	10.24852/pa2018.2.24.150.167	Academy of Sciences of Tatarstan, A.Kh. Khalikov Archaeology Institute	23064099	NA	Povolzhskaya Arkheologiya	Open Access	Transfiguration
2-s2.0-85061602258	Zhurnal Issledovanii Sotsial'noi Politiki	16	611	626	10.17323/727-0634-2018-16-4-611-626	National Research University Higher School of Economics	17270634	NA	Z. Issled. Soc. Polit.	NA	Herbology
2-s2.0-85053436881	Umeni	66	60	71	NA	Akademie Ved Ceske Republiky	00495123	NA	Umeni	NA	Potions
2-s2.0-85053436881	Umeni	66	60	71	NA	Akademie Ved Ceske Republiky	00495123	NA	Umeni	NA	Transfiguration
2-s2.0-85045543537	Energetika. Proceedings of CIS Higher Education Institutions and Power Engineering Associations	61	141	158	10.21122/1029-7448-2018-61-2-141-158	Belarusian National Technical University	10297448	NA	Energetika Proc. CIS High. Educ. Inst. Power Eng. Assoc.	Open Access	Transfiguration
2-s2.0-85065307108	Proceedings of the International Astronautical Congress, IAC	2018-October	NA	NA	NA	International Astronautical Federation, IAF	00741795	NA	Proc. Int. Astronaut. Congr., IAC	NA	Transfiguration
2-s2.0-85065307108	Proceedings of the International Astronautical Congress, IAC	2018-October	NA	NA	NA	International Astronautical Federation, IAF	00741795	NA	Proc. Int. Astronaut. Congr., IAC	NA	Arithmancy
2-s2.0-85065307108	Proceedings of the International Astronautical Congress, IAC	2018-October	NA	NA	NA	International Astronautical Federation, IAF	00741795	NA	Proc. Int. Astronaut. Congr., IAC	NA	Defence against the dark arts
2-s2.0-85055586500	Landscape Architecture and Art	12	66	76	10.22616/J.LANDARCHART.2018.12.07	Latvia University of Agriculture	22558632	NA	Landsc. Archit. Art	Open Access	Defence against the dark arts
2-s2.0-85055586500	Landscape Architecture and Art	12	66	76	10.22616/J.LANDARCHART.2018.12.07	Latvia University of Agriculture	22558632	NA	Landsc. Archit. Art	Open Access	Divination
2-s2.0-85055586500	Landscape Architecture and Art	12	66	76	10.22616/J.LANDARCHART.2018.12.07	Latvia University of Agriculture	22558632	NA	Landsc. Archit. Art	Open Access	Transfiguration
2-s2.0-85055586500	Landscape Architecture and Art	12	66	76	10.22616/J.LANDARCHART.2018.12.07	Latvia University of Agriculture	22558632	NA	Landsc. Archit. Art	Open Access	Astronomy
